{"05_CTMP": {"valid_runtime": [25952.72265625, 24661.779296875, 28058.978515625, 22934.421875, 28216.46484375, 25051.376953125, 21423.05078125, 24902.65234375, 24970.48828125, 28612.78125, 24733.603515625, 28282.9609375, 26741.376953125, 24579.607421875, 24567.255859375, 24501.408203125, 28041.283203125, 28420.126953125, 24762.533203125, 24835.400390625, 24958.564453125, 30277.03515625, 22974.6015625, 24840.5546875, 24662.56640625, 28391.126953125, 28539.19140625, 24947.67578125, 25005.470703125, 15913.869140625, 24536.380859375, 24829.5234375, 28158.37109375, 25031.845703125, 29818.40234375, 28093.169921875, 24704.51171875, 25020.74609375, 25000.462890625, 24851.912109375, 24757.984375, 24518.90625, 24556.267578125, 24548.18359375, 24542.39453125, 24498.75, 24543.537109375, 28034.7890625, 24701.37890625, 24656.623046875, 25025.724609375, 21459.4765625, 25018.671875, 19632.802734375, 37533.32421875, 24511.04296875, 26680.373046875, 24715.619140625, 24700.021484375, 28217.017578125, 24652.7890625, 24688.306640625, 28450.421875, 24967.052734375, 28501.212890625, 24626.845703125, 24556.978515625, 24596.794921875, 24771.3671875, 28560.146484375, 24606.962890625, 24533.03515625, 24317.783203125, 24293.466796875, 27764.44921875, 24389.033203125, 20978.06640625, 31502.880859375, 34624.08203125, 24084.26171875, 22359.52734375, 24027.248046875, 24056.99609375, 24063.2734375, 24065.048828125, 24016.71875, 24051.189453125, 24054.986328125, 24069.71484375, 24019.701171875, 29199.916015625, 22344.875, 24078.73046875, 24024.4921875, 22350.45703125, 24060.14453125, 24068.791015625, 24019.888671875, 24073.509765625, 20636.912109375], "valid_psnr": [29.173577366246786, 32.19440853525965, 36.301490067610544, 28.86069151771414, 29.09342021832971, 30.881711965314427, 23.80745417190999, 29.051123018843363, 30.443688376010765, 29.680355222224236, 29.27093540923167, 30.41161289497806, 31.884626579549973, 32.08690259472029, 31.923633090589355, 31.311430283564995, 30.83827049645064, 30.458189134473244, 28.353922382427974, 28.98398554013765, 32.38565203365655, 29.912702677253655, 29.046907006780927, 31.297104619575983, 29.354134567171634, 28.347495579028504, 33.95876897210019, 32.918593690057975, 27.425165618618628, 28.066013710728615, 31.645779905976866, 30.985089221484547, 34.66709868635497, 28.143804955708916, 25.815326430513274, 30.091799019846185, 28.712729243199764, 34.695870113559735, 29.67295186483613, 29.011533849325886, 30.655461246011765, 30.506646725108556, 39.714898374108074, 38.55558664358712, 30.142600877430365, 31.14858189619822, 29.81000824270403, 29.468629422513754, 26.46945037310262, 30.554667215959917, 31.664680214909566, 30.11841514169199, 33.43295491495605, 27.53292824615951, 30.344955737488526, 26.02024245666918, 33.836736891043074, 28.428224030927275, 27.02128061124656, 24.98450461344326, 27.860838307221037, 32.8687541348889, 32.53025417563063, 30.22427878003785, 29.25790888554165, 27.452631279503418, 30.19067791954225, 35.20944651287616, 28.538697096472532, 28.77102717998514, 31.303584007799255, 26.635403528367803, 27.727374920523662, 30.301724294250278, 26.83166394660151, 25.462325058703815, 35.97936248651526, 31.71677064737225, 31.447752074518597, 31.869143581093443, 29.02987119280241, 33.78208166557661, 27.57542467535518, 28.274573679980616, 26.266141260297236, 34.57729387413008, 27.850980234244314, 31.01805355947192, 29.7887776212674, 27.794355730854967, 30.29257196854268, 32.10915732074078, 32.41975478131326, 31.915351290973433, 24.223925271661663, 37.33795929654995, 24.897107607551703, 33.96135308249895, 32.80496380933883, 30.35024567701234], "valid_memory": 441.5703125, "valid_ave_runtime": 25287.67203125, "valid_ave_psnr": 30.30026966924236, "activations": 1863.847936, "num_conv": 304, "flops": 158.41131475, "num_parameters": 35.916615}}